paper,clinical_candidate,candidate_smiles,hit,hit_smiles,target,candidate_chembl_id,disease_area,entry,hit_chembl_id,method,ref,ref_dois,root_name
Brown_2018,ABBV-075/mivebresib,CCS(=O)(=O)Nc1ccc(Oc2ccc(F)cc2F)c(-c2cn(C)c(=O)c3[nH]ccc23)c1,CHEMBL4068525,CNc1cc(=O)n(C)nc1-c1ccccc1,BRD4,CHEMBL3987016,oncology,1,CHEMBL4068525,fragment_screen,"13,14",10.1021/acs.jmedchem.7b00017;10.1021/acs.jmedchem.7b00746,
Brown_2018,AZD5153,COc1nnc2ccc(N3CCC(c4ccc(OCCN5CCN(C)C(=O)[C@H]5C)cc4)CC3)nn12,AZD3514,CC(=O)N1CCN(CCOc2ccc(C3CCN(C4=Nn5c(nnc5C(F)(F)F)CC4)CC3)cc2)CC1,BRD4,CHEMBL4078100,oncology,2,CHEMBL2346976,known,15,10.1021/acs.jmedchem.6b00070,
Brown_2018,CPI-0610,Cc1noc2c1-c1ccccc1C(c1ccc(Cl)cc1)=N[C@H]2CC(N)=O,CHEMBL2431088,Cc1noc(N)c1-c1ccccc1,BRD4,CHEMBL4303404,oncology,3,CHEMBL2431088,fragment_screen,16,10.1021/acs.jmedchem.5b01882,
Brown_2018,EOS200271/PF-06840003,O=C1CC(c2c[nH]c3ccc(F)cc23)C(=O)N1,CHEMBL1374439,O=C1CC(c2c[nH]c3ccccc23)C(=O)N1,IDO-1 inhibitor,CHEMBL4086143,oncology,4,CHEMBL1374439,random_screen,17,10.1021/acs.jmedchem.7b00974,
Brown_2018,PQR309,Nc1cc(C(F)(F)F)c(-c2nc(N3CCOCC3)nc(N3CCOCC3)n2)cn1,CHEMBL1910991,FC(F)(F)c1nc2ccccc2n1-c1nc(N2CCOCC2)nc(N2CCOCC2)n1,PI3K/mTOR,CHEMBL4084907,oncology,5,CHEMBL1910991,known,18,10.1021/acs.jmedchem.7b00930,
Brown_2018,GDC-0032,Cc1nc(-c2cn3c(n2)-c2ccc(-c4cnn(C(C)(C)C(N)=O)c4)cc2OCC3)n(C(C)C)n1,CHEMBL3770332,COC(=O)Nc1ccc2c(c1)OCCc1cc(-c3nncn3-c3ccccc3Cl)sc1-2,PI3K,CHEMBL2387080,oncology,6,CHEMBL3770332,known/SBDD,19,10.1021/acs.jmedchem.5b01483,
Brown_2018,AA-115/APG-115,CCN1[C@@H](C(=O)NC23CCC(C(=O)O)(CC2)CC3)[C@H](c2cccc(Cl)c2F)[C@]2(C(=O)Nc3cc(Cl)ccc32)C12CCCCC2,CHEMBL378100,CN(C)C(=O)[C@@H]1N[C@H](CC(C)(C)C)[C@]2(C(=O)Nc3cc(Cl)ccc32)[C@H]1c1cccc(Cl)c1,MDM2,CHEMBL4091801,oncology,7,CHEMBL378100,SBDD,"20,21,22",10.1021/acs.jmedchem.6b01665;10.1021/jm501541j;10.1021/jm051122a,
Brown_2018,PF-06747775,C=CC(=O)N[C@@H]1CN(c2nc(Nc3cn(C)nc3OC)c3ncn(C)c3n2)C[C@H]1F,CHEMBL4213400,CC(C)C(CO)Nc1nc(Nc2ccc(N3CCNCC3)cc2)c2ncn(C(C)C)c2n1,EGFR,CHEMBL3989970,oncology,8,CHEMBL4213400,directed_screen/SBDD,23,10.1021/acs.jmedchem.6b01894,
Brown_2018,EGF816/nazartinib,Cc1cc(C(=O)Nc2nc3cccc(Cl)c3n2[C@@H]2CCCCN(C(=O)/C=C/CN(C)C)C2)ccn1,CCOC1=CC2=C(C=C1)N([C@H]1CC[C@H](O)CC1)C(NC(=O)C1=CC=CC(=C1)C(F)(F)F)=N2,CCOC1=CC2=C(C=C1)N([C@H]1CC[C@H](O)CC1)C(NC(=O)C1=CC=CC(=C1)C(F)(F)F)=N2,EGFR,CHEMBL3787344,oncology,9,,random_screen,24,10.1021/acs.jmedchem.5b01985,
Brown_2018,CH5183284/Debio1347,Cc1nc2ccc(-n3ncc(C(=O)c4cc5ccccc5[nH]4)c3N)cc2[nH]1,CHEMBL3905685,Cc1cccc(C(=O)c2cnn(-c3cc(O)ccc3Cl)c2N)c1,FGFR,CHEMBL3907479,oncology,10,CHEMBL3905685,random_screen,25,10.1021/acs.jmedchem.6b01156,
Brown_2018,PRN1371,C=CC(=O)N1CCN(CCCn2c(=O)c(-c3c(Cl)c(OC)cc(OC)c3Cl)cc3cnc(NC)nc32)CC1,CHEMBL57366,CC(C)(C)NC(=O)Nc1nc2nc(N)ncc2cc1-c1c(Cl)cccc1Cl,FGFR,CHEMBL4068509,oncology,11,CHEMBL57366,known/SBDD,"26,27",10.1021/acs.jmedchem.7b00360;10.1021/jm970367n,
Brown_2018,PF-06821497,COc1cc(C)[nH]c(=O)c1CN1CCc2c(Cl)cc([C@H](OC)C3COC3)c(Cl)c2C1=O,CHEMBL3955846,COc1cccc(C(=O)NCc2c(C)cc(C)[nH]c2=O)c1C,EZH2,CHEMBL4080228,oncology,12,CHEMBL3955846,directed_screen,"28,29",10.1021/acs.jmedchem.7b01375;10.1021/acs.jmedchem.6b00515,
Brown_2018,CPI-1205,COc1cc(C)[nH]c(=O)c1CNC(=O)c1c(C)n([C@H](C)C2CCN(CC(F)(F)F)CC2)c2ccccc12,CHEMBL3605438,COc1cc(C(=O)NCc2c(C)cc(C)[nH]c2=O)cc2c1OCCO2,EZH2,CHEMBL4297463,oncology,13,CHEMBL3605438,random_screen/known,"30,31",10.1021/acs.jmedchem.6b01315;10.1016/j.bmcl.2015.06.056,
Brown_2018,CEP-37440,CNC(=O)c1ccccc1Nc1nc(Nc2ccc3c(c2OC)CCC[C@H](N2CCN(CCO)CC2)C3)ncc1Cl,CHEMBL1644799,CNC(=O)c1ccccc1Nc1nc(Nc2ccc3c(c2)CCCC(=O)N3C)ncc1Cl,FAK/ALK,CHEMBL3951811,oncology,14,CHEMBL1644799,known,"32,33",10.1021/acs.jmedchem.6b00487;10.1021/ml100158s,
Brown_2018,brigatinib/AP26113,COc1cc(N2CCC(N3CCN(C)CC3)CC2)ccc1Nc1ncc(Cl)c(Nc2ccccc2P(C)(C)=O)n1,CHEMBL3822973,COc1ccccc1Nc1ncc(Cl)c(Nc2ccccc2S(=O)(=O)C(C)C)n1,ALK,CHEMBL3545311,oncology,15,CHEMBL3822973,known,34,10.1021/acs.jmedchem.6b00306,
Brown_2018,Entrectinib,CN1CCN(c2ccc(C(=O)Nc3n[nH]c4ccc(Cc5cc(F)cc(F)c5)cc34)c(NC3CCOCC3)c2)CC1,CHEMBL3672894,CN1CCN(c2ccc(C(=O)Nc3n[nH]c4ccc(Cc5cc(F)cc(F)c5)cc34)cc2)CC1,ALK/ROS1/Pan-TRK,CHEMBL1983268,oncology,16,CHEMBL3672894,random_screen,35,10.1021/acs.jmedchem.6b00064,
Brown_2018,SAR125844,O=C(NCCN1CCOCC1)Nc1nc2ccc(Sc3nnc4ccc(-c5ccc(F)cc5)nn34)cc2s1,CHEMBL4448572,COCCNC(=O)Nc1nc2cc(OS(=O)(=O)c3c(F)cccc3F)ccc2[nH]1,MET,CHEMBL4461070,oncology,17,CHEMBL4448572,directed_screen,36,10.1021/acs.jmedchem.6b00280,
Brown_2018,AMG 337,COCCOc1cnc2ccn([C@H](C)c3nnc4c(F)cc(-c5cnn(C)c5)cn34)c(=O)c2c1,CHEMBL494979,COc1ccc2c(OCc3nnc4ccc(-c5cc(F)c(F)c(F)c5)nn34)ccnc2c1,MET,CHEMBL3785909,oncology,18,CHEMBL494979,known,37,10.1021/acs.jmedchem.5b01716,
Brown_2018,GDC-0994,Cn1nccc1Nc1nccc(-c2ccn([C@H](CO)c3ccc(Cl)c(F)c3)c(=O)c2)n1,CHEMBL3298565,COc1ccc(CNC(=O)N2CCc3cnc(NC(C)C)nc3C2)cc1,ERK,CHEMBL3544964,oncology,19,CHEMBL3298565,random_screen,"38,39",10.1021/acs.jmedchem.6b00389;10.1016/j.bmcl.2014.04.068,
Brown_2018,talazoparib/BMN 673,Cn1ncnc1[C@H]1c2n[nH]c(=O)c3cc(F)cc(c23)N[C@@H]1c1ccc(F)cc1,CHEMBL3763589,O=c1[nH]nc2c3c(cccc13)NC(c1ccccc1)C2c1ccccc1,PARP,CHEMBL3137320,oncology,20,CHEMBL3763589,known,40,10.1021/acs.jmedchem.5b01498,
Brown_2018,vibegron,O=C(Nc1ccc(C[C@@H]2CC[C@H]([C@H](O)c3ccccc3)N2)cc1)[C@@H]1CCc2nccc(=O)n21,CHEMBL1684585,Nc1nc(CC(=O)Nc2ccc(C[C@@H]3CC[C@H]([C@H](O)c4ccccc4)N3)cc2)cs1,β3 adrenergic receptor,CHEMBL2107826,urinary,21,CHEMBL1684585,known,41,10.1021/acs.jmedchem.5b01372,
Brown_2018,TAK-259,CS(=O)(=O)c1ccc(Cl)cc1Cn1cc(Cl)cc(C(N)=O)c1=N,CHEMBL3797529,N=c1c(C(N)=O)cc(Cl)cn1Cc1ccccc1,alpha1d,CHEMBL3799553,urinary,22,CHEMBL3797529,random_screen,42,10.1021/acs.jmedchem.5b01528,
Brown_2018,LJN452,O=C(O)c1cc(F)c2nc(N3[C@@H]4CC[C@H]3C[C@@H](OCc3c(-c5ccccc5OC(F)(F)F)noc3C3CC3)C4)sc2c1,CHEMBL3746388,Cn1cc(C(=O)O)c2ccc(N3CCC(OCc4c(-c5c(Cl)cccc5Cl)noc4C4CC4)CC3)cc21,FXR agonist,CHEMBL4298169,liver disease,23,CHEMBL3746388,known,"43,44",10.1021/acs.jmedchem.7b00907;10.1021/acs.jmedchem.5b01161,
Brown_2018,BMS-816336,O=C(CC1(c2ccccc2)C2CC3CC1CC(C2)C3O)N1CC(O)C1,CHEMBL1911387,O=C(O)CC1C2CC3CC(C2)CC1C3,11β-HSD1,CHEMBL4086816,diabetes,24,CHEMBL1911387,random_screen,"45,46",10.1016/j.bmcl.2011.09.055;10.1021/acs.jmedchem.7b00211,
Brown_2018,LY3104607,CC#C[C@@H](CC(=O)O)c1ccc(OCc2ccc3nc(-c4c(C)cccc4C)nn3c2)cc1,CHEMBL4783190,O=C(O)CCc1ccc(OCc2ccc(CN3CCC4(C=Cc5ccccc54)CC3)cc2)cc1F,GPR40,CHEMBL3927519,diabetes,25,CHEMBL4783190,known,"47,48",10.1021/acs.jmedchem.7b01411;10.1021/acs.jmedchem.6b00892,
Brown_2018,PF-06409577,O=C(O)c1c[nH]c2cc(Cl)c(-c3ccc(C4(O)CCC4)cc3)cc12,COC1=CC2=C(C=C1)NN=C2C(=O)N[C@H](CO)C3=CC=CC=C3,COC1=CC2=C(C=C1)NN=C2C(=O)N[C@H](CO)C3=CC=CC=C3,AMPK,CHEMBL3891221,diabetes/nephropathy,26,,random_screen,49,10.1021/acs.jmedchem.6b00866,
Brown_2018,CHEMBL4074410,COc1ccc(-c2nnc(-c3ccc4nc(-c5c(C)cc(CC(C)(C)C(=O)O)cc5C)[nH]c4c3)o2)cc1,CHEMBL2063278,CCOC(=O)Nc1ccc2nc(-c3c(Cl)cccc3Cl)[nH]c2c1,DGAT1,CHEMBL4074410,obesity,27,CHEMBL2063278,random_screen,"50,51",10.1021/acs.jmedchem.7b00173;10.1021/ml3000512,
Brown_2018,AZD1979,COc1ccc(-c2nnc(C(=O)N3CC(Oc4ccc(CN5CC6(COC6)C5)cc4)C3)o2)cc1,CHEMBL3786375,O=C(c1nnc(-c2ccc(Cl)cc2)o1)N1CCC(Oc2ccc(CN3CCCC3)cc2)CC1,MCHr1,CHEMBL3787394,obesity,28,CHEMBL3786375,random_screen,52,10.1021/acs.jmedchem.5b01654,
Brown_2018,BMS-962212,CN1CCN(c2cccc3c2CCN(C(=O)/C=C/c2c(-n4cnnn4)ccc(Cl)c2F)[C@@H]3C(=O)Nc2ccc(C(=O)O)cc2)C(=O)C1,CHEMBL3754069,O=C(/C=C/c1cc(Cl)ccc1-n1cnnn1)N[C@@H](Cc1ccccc1)C(=O)Nc1ccc(C(=O)O)cc1,Factor X1a inhibitor,CHEMBL4073292,anticoagulant,29,CHEMBL3754069,SBDD,53,10.1021/acs.jmedchem.7b01171,
Brown_2018,MK-8617,COc1ccc(C(NC(=O)c2cnc(-c3cccnn3)nc2O)c2ccc(OC)cc2)cc1,CHEMBL4794308,O=C(NCc1ccc(F)cc1)c1cnc(-c2ccccn2)nc1O,HIF/PHD1-3,CHEMBL4783524,anemia,30,CHEMBL4794308,random_screen,54,10.1021/acs.jmedchem.6b01242,
Brown_2018,GLPG1690,CCc1nc2c(C)cc(N3CCN(CC(=O)N4CC(O)C4)CC3)cn2c1N(C)c1nc(-c2ccc(F)cc2)c(C#N)s1,CHEMBL4084750,CCc1nc2ccc(C(=O)NCCO)cn2c1N(C)c1nc(-c2ccc(Cl)cc2)cs1,ATX,CHEMBL3828074,IPF,31,CHEMBL4084750,random_screen,"55,56",10.1021/acs.jmedchem.7b00032;10.1021/acs.jmedchem.7b00647,
Brown_2018,AZD7986,Cn1c(=O)oc2ccc(-c3ccc(C[C@@H](C#N)NC(=O)[C@@H]4CNCCCO4)cc3)cc21,CHEMBL3898680,N#Cc1cccc(-c2ccc(C[C@@H](C#N)NC(=O)C3CCCCC3N)cc2)c1,DPP1,CHEMBL3900409,COPD,32,CHEMBL3898680,known,57,10.1021/acs.jmedchem.6b01127,
Brown_2018,GSK2245035,CCC[C@H](C)Oc1nc(N)c2[nH]c(=O)n(CCCCCN3CCCCC3)c2n1,CHEMBL150961,CCCCOc1nc(N)c2[nH]c(=O)n(Cc3ccccc3)c2n1,TLR7,CHEMBL4297492,asthma,33,CHEMBL150961,known,58,10.1021/acs.jmedchem.5b01647,
Brown_2018,GS-6615,O=C1c2cc(-c3ccc(OC(F)(F)F)cc3)ccc2OCCN1Cc1ncccn1,CHEMBL3809761,Cc1cc(NS(C)(=O)=O)ccc1-c1ccc(Oc2ccccc2)cc1,,CHEMBL3707392,cardiovascular,34,CHEMBL3809761,directed_screen,"59,60",10.1021/acs.jmedchem.6b00939;10.1016/j.bmcl.2016.03.101,
Brown_2018,CHEMBL4094440,NS(=O)(=O)c1cncc(-c2nc(NCc3ccccn3)c3c(-c4ccccc4)cccc3n2)c1,CHEMBL4483629,Clc1nc(NCc2ccccn2)c2c(-c3ccccc3)cccc2n1,,CHEMBL4094440,atrial fibrillation,35,CHEMBL4483629,known,"61,62",10.1021/acs.jmedchem.6b01889;10.1021/acsmedchemlett.6b00117,
Brown_2018,ralinepag,O=C(O)COC[C@H]1CC[C@H](COC(=O)N(c2ccccc2)c2ccc(Cl)cc2)CC1,OC(=O)COC1=CC=CC2=C1CC[C@H](CN1N=CC(C3=C(F)C(F)=CC=C3)=C(C1=O)C1=CC=C(F)C=C1)C2,OC(=O)COC1=CC=CC2=C1CC[C@H](CN1N=CC(C3=C(F)C(F)=CC=C3)=C(C1=O)C1=CC=C(F)C=C1)C2,IP receptor,CHEMBL3301604,pulmonary arterial hypertension,36,,known,63,10.1021/acs.jmedchem.6b00871,
Brown_2018,CHEMBL4091152,C[C@@H](Oc1cc2onc(CCC(=O)O)c2cc1Cl)c1ccccn1,CHEMBL4092205,O=C(O)CCn1c(=O)oc2cc(Cl)c(Cl)cc21,KMO,CHEMBL4091152,acute pancreatitis,37,CHEMBL4092205,known,64,10.1021/acs.jmedchem.7b00055,
Brown_2018,CORT125134,Cn1cc(S(=O)(=O)N2CCC3=Cc4c(cnn4-c4ccc(F)cc4)C[C@]3(C(=O)c3cc(C(F)(F)F)ccn3)C2)cn1,CHEMBL393061,O=C1C=C2CCN(S(=O)(=O)c3ccccc3)CC2(Cc2ccccc2)CC1,GR antagonist,CHEMBL4068611,cushings syndrome,38,CHEMBL393061,known,"65,66",10.1021/acs.jmedchem.7b00162;10.1016/j.bmcl.2007.07.055,
Brown_2018,TAK-915,COC[C@@H](NC(=O)N1CC(=O)Nc2cc(OC)cnc21)c1ccc(OC(F)(F)F)c(F)c1,CHEMBL4076518,CCC(NC(=O)c1cnn2cccnc12)c1ccc(OC)cc1,phospho-diesterase 2A,CHEMBL4060569,Cognitive disorders,39,CHEMBL4076518,random_screen,"67,68",10.1021/acs.jmedchem.7b00709;10.1021/acs.jmedchem.7b00807,
Brown_2018,ITI-214,CN1C(=O)c2c(nn(Cc3ccc(-c4cccc(F)n4)cc3)c2Nc2ccccc2)N2C1=N[C@@H]1CCC[C@@H]12,CHEMBL140173,CN1C(=O)c2c(nn(C)c2Cc2ccccc2)N2C1=N[C@@H]1CCC[C@@H]12,phospho-diesterase 1A,CHEMBL3769414,Cognitive disorders,40,CHEMBL140173,known/SBDD,"69,70",10.1021/acs.jmedchem.5b01751;10.1021/jm970495b,
Brown_2018,SUVN-502,COc1ccc2c(c1)c(CN1CCN(C)CC1)cn2S(=O)(=O)c1ccccc1Br,CHEMBL76237,COc1ccc2c(c1)c(CCN(C)C)cn2S(=O)(=O)c1ccccc1,5HT6,CHEMBL4117187,alzheimers disease,41,CHEMBL76237,known,71,10.1021/acs.jmedchem.6b01662,
Brown_2018,verubecestat/MK-8931,CN1C(N)=N[C@](C)(c2cc(NC(=O)c3ccc(F)cn3)ccc2F)CS1(=O)=O,CHEMBL568966,CCCCOc1ccc(CSC(=N)N)cc1Cl,BACE,CHEMBL3301601,alzheimers disease,42,CHEMBL568966,fragment_screen,72,10.1021/acs.jmedchem.6b00307,
Brown_2018,SAGE-217,C[C@@]1(O)CC[C@H]2[C@H](CC[C@@H]3[C@@H]2CC[C@]2(C)[C@@H](C(=O)Cn4cc(C#N)cn4)CC[C@@H]32)C1,CHEMBL207538,CC(=O)[C@H]1CC[C@H]2[C@@H]3CC[C@H]4C[C@H](O)CC[C@]4(C)[C@H]3CC[C@]12C,GABA-A modulator,CHEMBL4105630,depression,43,CHEMBL207538,known,73,10.1021/acs.jmedchem.7b00846,
Brown_2018,CHEMBL2325014,Nc1[nH]ncc1-c1cc(Cl)ccc1Oc1cc(F)c(S(=O)(=O)Nc2cscn2)cc1Cl,CHEMBL2326767,Cn1nccc1-c1ccccc1Oc1ccc(S(=O)(=O)Nc2cscn2)cc1C#N,NaV1.7,CHEMBL2325014,Pain,44,CHEMBL2326767,random_screen,74,10.1021/acs.jmedchem.7b00598,
Brown_2018,PF-06273340,CC(C)(CO)n1cc(C(=O)c2cncc(NC(=O)Cc3ccc(Cl)cn3)c2)c2cnc(N)nc21,CHEMBL4744936,CC(C)n1cc(C(=O)c2ccnc(NC(=O)Nc3ccc(F)cc3F)c2)c2c(N)ncnc21,TrkA,CHEMBL4212531,Pain,45,CHEMBL4744936,random_screen,75,10.1021/acs.jmedchem.6b00850,
Brown_2018,VU0424238/Auglurant,Cc1cc(Oc2cncnc2)cc(C(=O)Nc2ccc(F)cn2)n1,CHEMBL2440641,Nc1cc(NC(=O)c2cccc(Cl)c2)cc(Oc2cccnc2)c1,mGluR5,CHEMBL2386850,mood disorders,46,CHEMBL2440641,random_screen,"76,77",10.1021/acs.jmedchem.7b00410;10.1016/j.bmcl.2013.09.001,
Brown_2018,JNJ-54175446,C[C@@H]1c2nnn(-c3ncc(F)cn3)c2CCN1C(=O)c1cccc(C(F)(F)F)c1Cl,CHEMBL2218113,O=C(c1cccc(Cl)c1Cl)N1CCn2c(nnc2-c2cnccn2)C1,P2X7,CHEMBL4079239,mood disorders,47,CHEMBL2218113,known,"77,79,80",10.1016/j.bmcl.2013.09.001;10.1021/acs.jmedchem.7b00408,
Brown_2018,CHEMBL3914857,C[C@H]1Cc2c(nnn2-c2ncc(F)cn2)CN1C(=O)c1ccnc(C(F)(F)F)c1F,CHEMBL2218113,O=C(c1cccc(Cl)c1Cl)N1CCn2c(nnc2-c2cnccn2)C1,P2X7,CHEMBL3914857,mood disorders,48,CHEMBL2218113,known,"81,82",10.1016/j.bmcl.2016.06.048;10.1021/acs.jmedchem.7b01279,
Brown_2018,RG7800,CCc1nc(C)cn2nc(-c3cc(=O)n4cc(C5CCN(C)CC5)cc(C)c4n3)cc12,CHEMBL210065,CCN(CC)c1ccc2cc(-c3nc4ccccc4o3)c(=O)oc2c1,SMN2,CHEMBL4459971,spinal muscular atrophy,49,CHEMBL210065,random_screen,"83,84,85",10.1021/acs.jmedchem.6b00459;10.1126/science.1250127;10.1021/acs.jmedchem.6b00460,
Brown_2018,ceralifimod/ONO-4641,CCCc1ccc(COc2ccc3c(c2)CCC(CN2CC(C(=O)O)C2)=C3C)c(OC)c1,C1=CC=C(C=C1)CCOC2=CC=C(C=C2)CCCNCCC(=O)O,C1=CC=C(C=C1)CCOC2=CC=C(C=C2)CCCNCCC(=O)O,S1P1,CHEMBL4093489,autoimmune disease,50,,random_screen,86,10.1021/acs.jmedchem.7b00785,
Brown_2018,ACT-709478,N#Cc1ccc(Cn2ccc(NC(=O)Cc3ccc(C4(C(F)(F)F)CC4)cc3)n2)nc1,CHEMBL4212371,O=C(NCc1ccccc1OCC(F)(F)F)c1cc(-c2ccccc2)n(-c2ccccc2)n1,T-type calcium channel blocker,CHEMBL4217292,epilepsy,51,CHEMBL4212371,random_screen,"87,88",10.1016/j.bmcl.2017.09.063;10.1021/acs.jmedchem.7b01236,
Brown_2018,BMS-929075,CNC(=O)c1c(-c2ccc(F)cc2)oc2ccc(-c3cc(C(=O)NC4(c5ncccn5)CC4)ccc3C)c(F)c12,CHEMBL4064415,CNC(=O)c1c(-c2ccc(F)cc2)oc2ccc(OC(C)C)cc12,NSB5 replicase,CHEMBL4093031, Hepatitis C,52,CHEMBL4064415,random_screen/known/SBDD,89,10.1021/acs.jmedchem.7b00328,
Brown_2018,ruzasvir,COC(=O)N[C@H](C(=O)N1CCC[C@H]1c1ncc(-c2cc(F)c3c(c2)O[C@@H](c2cnc(C4CC4)s2)n2c-3cc3cc(-c4cnc([C@@H]5CCCN5C(=O)[C@@H](NC(=O)OC)C(C)C)[nH]4)ccc32)[nH]1)C(C)C,CHEMBL474355,CC(C)(C)OC(=O)N1CCN(c2ccc(C(=O)Nc3ccc(/C=C/c4ccc(O)cc4)cc3)cc2)CC1,NS5A,CHEMBL3971095,antiviral,53,CHEMBL474355,random_screen/known,"90,91,92",10.1021/acs.jmedchem.6b01310;10.1002/cmdc.201300343;10.1016/j.bmcl.2009.01.066,
Brown_2018,BMS-605339,C=C[C@@H]1C[C@]1(NC(=O)[C@@H]1C[C@@H](Oc2nccc3cc(OC)ccc23)CN1C(=O)[C@@H](NC(=O)OC(C)(C)C)C(C)(C)C)C(=O)NS(=O)(=O)C1CC1,Asunaprevir,C=C[C@@H]1C[C@]1(NC(=O)[C@@H]1C[C@@H](Oc2ncc(OC)c3ccc(Cl)cc23)CN1C(=O)[C@@H](NC(=O)OC(C)(C)C)C(C)(C)C)C(=O)NS(=O)(=O)C1CC1,NS3 protease,CHEMBL2403888,antiviral,54,CHEMBL2105735,known,93,10.1021/acs.jmedchem.6b00821,
Brown_2018,GS-5734,CCC(CC)COC(=O)[C@H](C)N[P@](=O)(OC[C@H]1O[C@@](C#N)(c2ccc3c(N)ncnn23)[C@H](O)[C@@H]1O)Oc1ccccc1,CHEMBL2016757,N#C[C@@]1(c2ccc3c(N)ncnn23)O[C@H](CO)[C@@H](O)[C@H]1O,,CHEMBL4065616,antiviral,55,CHEMBL2016757,directed_screen,94,10.1021/acs.jmedchem.6b01594,
Brown_2018,Temsavir,COc1cnc(-n2cnc(C)n2)c2[nH]cc(C(=O)C(=O)N3CCN(C(=O)c4ccccc4)CC3)c12,CHEMBL336293,O=C(C(=O)N1CCN(C(=O)c2ccccc2)CC1)c1c[nH]c2ccccc12,HIV attach.,CHEMBL3301620,antiviral,56,CHEMBL336293,random_screen,95,10.1021/acs.jmedchem.7b01337,
Brown_2018,IDX899,CO[P@](=O)(c1cc(C)cc(/C=C/C#N)c1)c1c(C(N)=O)[nH]c2ccc(Cl)cc12,CHEMBL1650747,CO[P@](=O)(c1ccccc1)c1c(C(N)=O)[nH]c2ccc(Cl)cc12,NNRTI,CHEMBL2104968,antiviral,57,CHEMBL1650747,known/SBDD,"96,97",10.1021/acs.jmedchem.5b01430;10.1021/jm101142k,
Brown_2018,OZ439,c1cc([C@H]2CC[C@]3(CC2)OO[C@]2(O3)C3CC4CC(C3)CC2C4)ccc1OCCN1CCOCC1,CHEMBL1197433,CC(C)(N)CNC(=O)C[C@H]1CC[C@@]2(CC1)OO[C@@]1(O2)C2CC3CC(C2)CC1C3,,CHEMBL1828820,antimalarial,58,CHEMBL1197433,known,98,10.1021/acs.jmedchem.6b01586,
Brown_2018,GSK656,Cl.NC[C@H]1OB(O)c2c(OCCO)ccc(Cl)c21,CHEMBL4077894,CCOc1ccc(Cl)c2c1B(O)O[C@@H]2CN.Cl,leucyl-tRNA synthetase inhibitor,CHEMBL4082159,anti TB,59,CHEMBL4077894,known,99,10.1021/acs.jmedchem.7b00631,
Brown_2018,TNP-2092,CO[C@H]1/C=C/O[C@@]2(C)Oc3c(C)c(O)c4c(O)c(c(/C=N/N5CCC(N(C)C6([C@@H]7CCN(c8c(F)cn9c(=O)c(C(=O)O)cc(C%10CC%10)c9c8C)C7)CC6)CC5)c(O)c4c3C2=O)NC(=O)/C(C)=C\C=C\[C@H](C)[C@H](O)[C@@H](C)[C@@H](O)[C@H](C)[C@H](OC(C)=O)[C@H]1C,Rifamycin/ABT-719,CO[C@H]1/C=C/O[C@@]2(C)Oc3c(C)c([O-])c4c(O)c(cc(O)c4c3C2=O)NC(=O)/C(C)=C\C=C\[C@H](C)[C@H](O)[C@@H](C)[C@@H](O)[C@@H](C)[C@H](OC(C)=O)[C@@H]1C.[Na+],dual DNA gyrase/RNA polymerase,CHEMBL4594404,antibacterial,60,CHEMBL2105680,known,100,10.1021/acs.jmedchem.6b00485,
Brown_2018,PF-06651600,C=CC(=O)N1C[C@H](Nc2ncnc3[nH]ccc23)CC[C@@H]1C,C[C@@H]1CN(CC[C@@H]1N(C)C1=NC=NC2=C1C=CN2)C(=O)CC#N,C[C@@H]1CN(CC[C@@H]1N(C)C1=NC=NC2=C1C=CN2)C(=O)CC#N,JAK3,CHEMBL4085457,inflammation diseases,61,,known/random_screen,101,10.1021/acs.jmedchem.6b01694,
Brown_2018,PF-06263276,CCc1cc(O)c(F)cc1-c1ccc2c(-c3nc4c([nH]3)CCN(C(=O)c3cnc(N5CCCCC5)cn3)C4)n[nH]c2c1,C[C@@H]1CN(CC[C@@H]1N(C)C1=NC=NC2=C1C=CN2)C(=O)CC#N,C[C@@H]1CN(CC[C@@H]1N(C)C1=NC=NC2=C1C=CN2)C(=O)CC#N,Pan-JAK,CHEMBL3644620,inflammation diseases,62,,known/SBDD,102,10.1021/acs.jmedchem.6b01634,
Brown_2018,GSK 2982772,CN1C(=O)[C@@H](NC(=O)c2n[nH]c(Cc3ccccc3)n2)COc2ccccc21,CHEMBL3785703,CN1C(=O)[C@@H](NC(=O)c2cc(Cc3ccccc3)on2)COc2ccccc21,RIPK1,CHEMBL4071864,inflammation diseases,63,CHEMBL3785703,DEL,103,10.1021/acs.jmedchem.6b01751,
Brown_2018,CBS-3595,CC(=O)Nc1cc(-c2c(-c3ccc(F)cc3)nc([S+](C)[O-])n2C)ccn1,CHEMBL10,C[S+]([O-])c1ccc(-c2nc(-c3ccc(F)cc3)c(-c3ccncc3)[nH]2)cc1,P38a MAPK/PDE4,CHEMBL1773422,inflammation diseases,64,CHEMBL10,known/directed_screen,104,10.1021/acs.jmedchem.6b01647,
Brown_2018,PF-06650833,CC[C@@H]1[C@H](F)C(=O)N[C@@H]1COc1nccc2cc(C(N)=O)c(OC)cc12,CHEMBL4093989,CC(C)Oc1ccccc1C(N)=O,IRAK4,CHEMBL4081711,inflammation diseases,65,CHEMBL4093989,fragment_screen,105,10.1021/acs.jmedchem.7b00231,
Brown_2018,BMS-986142,Cc1c(-c2c(F)cc(C(N)=O)c3[nH]c4c(c23)CC[C@H](C(C)(C)O)C4)cccc1-n1c(=O)c2cccc(F)c2n(C)c1=O,CHEMBL3622202,CC(C)(C)c1ccc(C(=O)N[C@@H]2CCCN(c3ccc(C(N)=O)c(Nc4ccc(C(=O)N5CCOCC5)cc4)n3)C2)cc1,BTK,CHEMBL3900554,rheumatoid arthritis,66,CHEMBL3622202,known/SBDD,"106,107",10.1021/acs.jmedchem.6b01088;10.1016/j.bmcl.2015.07.102,
Perola_2010,ALISKIREN,COCCCOc1cc(C[C@@H](C[C@H](N)[C@@H](O)C[C@H](C(=O)NCC(C)(C)C(N)=O)C(C)C)C(C)C)ccc1OC,ALISKIREN_LEAD,CCCCNC(=O)[C@H](C)C[C@H](O)[C@@H](N)C[C@H](Cc1ccc(C(C)(C)C)c(OCC(N)=O)c1)C(C)C,,,,,,,,,ALISKIREN
Perola_2010,ALVIMOPAN,C[C@H]1CN(C[C@H](Cc2ccccc2)C(=O)NCC(=O)O)CC[C@@]1(C)c1cccc(O)c1,ALVIMOPAN_LEAD,C[C@H]1CN(C)CC[C@@]1(C)c1cccc(O)c1,,,,,,,,,ALVIMOPAN
Perola_2010,AMBRISENTAN,COC(c1ccccc1)(c1ccccc1)C(Oc1nc(C)cc(C)n1)C(=O)O,AMBRISENTAN_LEAD,COc1cc(OC)nc(OC(C(=O)O)C(C)(Oc2ccc(SC)cc2)c2ccccc2)n1,,,,,,,,,AMBRISENTAN
Perola_2010,AMPRENAVIR,CC(C)CN(C[C@@H](O)[C@H](Cc1ccccc1)NC(=O)O[C@H]1CCOC1)S(=O)(=O)c1ccc(N)cc1,AMPRENAVIR_LEAD,CC(C)CNC(=O)[C@@H](C)N(Cc1ccccc1)C[C@H](O)[C@H](Cc1ccccc1)NC(=O)C(NC(=O)OCc1ccccc1)C(C)C,,,,,,,,,AMPRENAVIR
Perola_2010,APREPITANT,C[C@@H](O[C@H]1OCCN(Cc2n[nH]c(=O)[nH]2)[C@H]1c1ccc(F)cc1)c1cc(C(F)(F)F)cc(C(F)(F)F)c1,APREPITANT_LEAD,c1ccc(CO[C@H]2C3CCN(CC3)[C@H]2C(c2ccccc2)c2ccccc2)cc1,,,,,,,,,APREPITANT
Perola_2010,ARGATROBAN,CC1CNc2c(cccc2S(=O)(=O)NC(CCCNC(=N)N)C(=O)N2CC[C@@H](C)C[C@@H]2C(=O)O)C1,ARGATROBAN_LEAD,COC(=O)C(CCCNC(=N)N)NS(=O)(=O)c1ccc(C)cc1,,,,,,,,,ARGATROBAN
Perola_2010,ATAZANAVIR,COC(=O)N[C@H](C(=O)N[C@@H](Cc1ccccc1)[C@@H](O)CN(Cc1ccc(-c2ccccn2)cc1)NC(=O)[C@@H](NC(=O)OC)C(C)(C)C)C(C)(C)C,ATAZANAVIR_LEAD,CC(=O)N[C@H](C(=O)N[C@@H](Cc1ccccc1)[C@@H](O)CN(CC1CCCCC1)NC(=O)[C@@H](NC(C)=O)C(C)C)C(C)C,,,,,,,,,ATAZANAVIR
Perola_2010,ATORVASTATIN,CC(C)c1c(C(=O)Nc2ccccc2)c(-c2ccccc2)c(-c2ccc(F)cc2)n1CC[C@@H](O)C[C@@H](O)CC(=O)O,ATORVASTATIN_LEAD,Cc1ccc(-c2ccc(F)cc2)n1CC[C@@H]1C[C@@H](O)CC(=O)O1,,,,,,,,,ATORVASTATIN
Perola_2010,BENAZEPRILAT,O=C(O)CN1C(=O)[C@@H](N[C@@H](CCc2ccccc2)C(=O)O)CCc2ccccc21,BENAZEPRILAT_LEAD,O=C(O)CN1CCCC(CS)C1=O,,,,,,,,,BENAZEPRILAT
Perola_2010,BEXAROTENE,C=C(c1ccc(C(=O)O)cc1)c1cc2c(cc1C)C(C)(C)CCC2(C)C,BEXAROTENE_LEAD,C/C(=C\c1ccc(C(=O)O)cc1)c1cc2c(cc1C)C(C)(C)CCC2(C)C,,,,,,,,,BEXAROTENE
Perola_2010,BOSENTAN,COc1ccccc1Oc1c(NS(=O)(=O)c2ccc(C(C)(C)C)cc2)nc(-c2ncccn2)nc1OCCO,BOSENTAN_LEAD,O=S(=O)(Nc1ncnc(OCCO)c1-c1ccc(Cl)cc1)c1ccc(C(F)(F)F)cc1,,,,,,,,,BOSENTAN
Perola_2010,CAPTOPRIL,C[C@H](CS)C(=O)N1CCC[C@H]1C(=O)O,CAPTOPRIL_LEAD,O=C(O)CCC(=O)N1CCC[C@H]1C(=O)O,,,,,,,,,CAPTOPRIL
Perola_2010,CELECOXIB,Cc1ccc(-c2cc(C(F)(F)F)nn2-c2ccc(S(N)(=O)=O)cc2)cc1,CELECOXIB_LEAD,CS(=O)(=O)c1ccc(-n2nc(C(F)(F)F)cc2-c2ccc(F)cc2)cc1,,,,,,,,,CELECOXIB
Perola_2010,CONIVAPTAN,Cc1nc2c([nH]1)CCN(C(=O)c1ccc(NC(=O)c3ccccc3-c3ccccc3)cc1)c1ccccc1-2,CONIVAPTAN_LEAD,Cc1ccccc1C(=O)Nc1ccc(C(=O)N2CCCCc3ccccc32)cc1,,,,,,,,,CONIVAPTAN
Perola_2010,DABIGATRAN,Cn1c(CNc2ccc(C(=N)N)cc2)nc2cc(C(=O)N(CCC(=O)O)c3ccccn3)ccc21,DABIGATRAN_LEAD,Cn1c(Cc2ccc(C(=N)N)cc2)nc2cc(NS(=O)(=O)c3ccccc3)ccc21,,,,,,,,,DABIGATRAN
Perola_2010,DASATINIB,Cc1nc(Nc2ncc(C(=O)Nc3c(C)cccc3Cl)s2)cc(N2CCN(CCO)CC2)n1,DASATINIB_LEAD,Cc1cc(C)c(NC(=O)c2sc(N)nc2C)c(C)c1,,,,,,,,,DASATINIB
Perola_2010,DELAVIRDINE,CC(C)Nc1cccnc1N1CCN(C(=O)c2cc3cc(NS(C)(=O)=O)ccc3[nH]2)CC1,DELAVIRDINE_LEAD,CCNc1cccnc1N1CCN(Cc2cc(C)c(OC)c(C)c2)CC1,,,,,,,,,DELAVIRDINE
Perola_2010,DONEPEZIL,COc1cc2c(cc1OC)C(=O)C(CC1CCN(Cc3ccccc3)CC1)C2,DONEPEZIL_LEAD,O=C(NCCC1CCN(Cc2ccccc2)CC1)c1ccccc1,,,,,,,,,DONEPEZIL
Perola_2010,DULOXETINE,CNCC[C@H](Oc1cccc2ccccc12)c1cccs1,DULOXETINE_LEAD,CNCCCOc1cccc2ccccc12,,,,,,,,,DULOXETINE
Perola_2010,DUTASTERIDE,C[C@]12CCC3[C@@H](CC[C@H]4NC(=O)C=C[C@]34C)[C@@H]1CC[C@@H]2C(=O)Nc1cc(C(F)(F)F)ccc1C(F)(F)F,DUTASTERIDE_LEAD,CCN(CC)C(=O)[C@H]1CCC2C3CNC4=CC(=O)CC[C@]4(C)C3CC[C@@]21C,,,,,,,,,DUTASTERIDE
Perola_2010,ENALAPRILAT,C[C@H](N[C@@H](CCc1ccccc1)C(=O)O)C(=O)N1CCC[C@H]1C(=O)O,ENALAPRILAT_LEAD,C[C@H](NCC(=O)O)C(=O)N1CCC[C@H]1C(=O)O,,,,,,,,,ENALAPRILAT
Perola_2010,EPROSARTAN,CCCCc1ncc(/C=C(\Cc2cccs2)C(=O)O)n1Cc1ccc(C(=O)O)cc1,EPROSARTAN_LEAD,CCCCc1nc(Cl)c(CC(=O)O)n1Cc1ccccc1Cl,,,,,,,,,EPROSARTAN
Perola_2010,ETRAVIRINE,Cc1cc(C#N)cc(C)c1Oc1nc(Nc2ccc(C#N)cc2)nc(N)c1Br,ETRAVIRINE_LEAD,COc1ccccc1NC(C(N)=O)c1c(Cl)cccc1Cl,,,,,,,,,ETRAVIRINE
Perola_2010,FADROZOLE,N#Cc1ccc(C2CCCc3cncn32)cc1,FADROZOLE_LEAD,N#Cc1ccc(Cn2ccnc2)cc1,,,,,,,,,FADROZOLE
Perola_2010,FOSINOPRILAT,O=C(O)[C@@H]1C[C@@H](C2CCCCC2)CN1C(=O)CP(=O)(O)CCCCc1ccccc1,FOSINOPRILAT_LEAD,O=C(O)[C@@H]1CCCN1C(=O)CP(=O)(O)CCCCc1ccccc1,,,,,,,,,FOSINOPRILAT
Perola_2010,GEFITINIB,COc1cc2ncnc(Nc3ccc(F)c(Cl)c3)c2cc1OCCCN1CCOCC1,GEFITINIB_LEAD,Clc1cccc(Nc2ncnc3ccccc23)c1,,,,,,,,,GEFITINIB
Perola_2010,IMATINIB,Cc1ccc(NC(=O)c2ccc(CN3CCN(C)CC3)cc2)cc1Nc1nccc(-c2cccnc2)n1,IMATINIB_LEAD,c1cncc(-c2ccnc(Nc3cccc(-n4ccnc4)c3)n2)c1,,,,,,,,,IMATINIB
Perola_2010,INDINAVIR,CC(C)(C)NC(=O)[C@@H]1CN(Cc2cccnc2)CCN1C[C@@H](O)C[C@@H](Cc1ccccc1)C(=O)N[C@H]1c2ccccc2C[C@H]1O,INDINAVIR_LEAD,CC(C)C[C@H](NC(=O)[C@H](Cc1ccccc1)C[C@H](O)[C@H](Cc1ccccc1)NC(=O)[C@H](Cc1ccccc1)NC(=O)[C@H](Cc1ccccc1)NC(=O)OC(C)(C)C)C(=O)N[C@@H](Cc1ccccc1)C(N)=O,,,,,,,,,INDINAVIR
Perola_2010,LAPATINIB,CS(=O)(=O)CCNCc1ccc(-c2ccc3ncnc(Nc4ccc(OCc5cccc(F)c5)c(Cl)c4)c3c2)o1,LAPATINIB_LEAD,COc1cc2ncnc(Nc3ccc(OCc4ccccc4)cc3)c2cc1OC,,,,,,,,,LAPATINIB
Perola_2010,LAROPIPRANT,CS(=O)(=O)c1cc(F)cc2c3c(n(Cc4ccc(Cl)cc4)c12)[C@@H](CC(=O)O)CC3,LAROPIPRANT_LEAD,O=C(O)CC1CCCc2c1n(Cc1ccc(Cl)cc1)c1c(F)cc(F)cc21,,,,,,,,,LAROPIPRANT
Perola_2010,LOSARTAN,CCCCc1nc(Cl)c(CO)n1Cc1ccc(-c2ccccc2-c2nnn[nH]2)cc1,LOSARTAN_LEAD,CCCCc1nc(Cl)c(CC(=O)O)n1Cc1ccccc1,,,,,,,,,LOSARTAN
Perola_2010,MARAVIROC,Cc1nnc(C(C)C)n1C1C[C@H]2CC[C@H](C1)N2CC[C@H](NC(=O)C1CCC(F)(F)CC1)c1ccccc1,MARAVIROC_LEAD,Cc1nc2cnccc2n1C1CCN(CCC(c2ccccc2)c2ccccc2)CC1,,,,,,,,,MARAVIROC
Perola_2010,MONTELUKAST,CC(C)(O)c1ccccc1CC[C@@H](SCC1(CC(=O)O)CC1)c1cccc(/C=C/c2ccc3ccc(Cl)cc3n2)c1,MONTELUKAST_LEAD,C(=C/c1ccc2ccccc2n1)\c1cccnc1,,,,,,,,,MONTELUKAST
Perola_2010,NELFINAVIR,[H][C@@]12CCCC[C@]1([H])CN(C[C@@H](O)[C@H](CSc1ccccc1)NC(=O)c1cccc(O)c1C)C(C(=O)NC(C)(C)C)C2,NELFINAVIR_LEAD,CC(C)(C)NC(=O)c1ccccc1C[C@@H](O)[C@H](Cc1ccccc1)NC(=O)[C@H](CC(N)=O)NC(=O)c1ccc2ccccc2n1,,,,,,,,,NELFINAVIR
Perola_2010,NEVIRAPINE,Cc1ccnc2c1NC(=O)c1cccnc1N2C1CC1,NEVIRAPINE_LEAD,CCN1c2ccccc2N(C)C(=O)c2cccnc21,,,,,,,,,NEVIRAPINE
Perola_2010,OLOPATADINE,CN(C)CC/C=C1/c2ccccc2COc2ccc(CC(=O)O)cc21,OLOPATADINE_LEAD,CN(C)CCSC1c2cc(C(=O)O)ccc2OCc2ncccc21,,,,,,,,,OLOPATADINE
Perola_2010,OSELTAMIVIR,CCC(CC)O[C@@H]1C=C(C(=O)O)C[C@H](N)[C@H]1NC(C)=O,OSELTAMIVIR_LEAD,CC(=O)N[C@H]1[C@H](O)C=C(C(=O)O)C[C@@H]1N,,,,,,,,,OSELTAMIVIR
Perola_2010,PALONOSETRON,O=C1c2cccc3c2[C@@H](CCC3)CN1[C@@H]1CN2CCC1CC2,PALONOSETRON_LEAD,Cn1cc(C(=O)NC2CN3CCC2CC3)c2ccccc21,,,,,,,,,PALONOSETRON
Perola_2010,RALTEGRAVIR,Cc1nnc(C(=O)NC(C)(C)c2nc(C(=O)NCc3ccc(F)cc3)c(O)c(=O)n2C)o1,RALTEGRAVIR_LEAD,O=C(NCc1ccccc1)c1nc(-c2cccs2)nc(O)c1O,,,,,,,,,RALTEGRAVIR
Perola_2010,RAMELTEON,CCC(=O)NCC[C@@H]1CCc2ccc3c(c21)CCO3,RAMELTEON_LEAD,COc1ccc2[nH]cc(CCNC(C)=O)c2c1,,,,,,,,,RAMELTEON
Perola_2010,RITONAVIR,CC(C)c1nc(CN(C)C(=O)N[C@H](C(=O)N[C@@H](Cc2ccccc2)C[C@H](O)[C@H](Cc2ccccc2)NC(=O)OCc2cncs2)C(C)C)cs1,RITONAVIR_LEAD,CC(C)[C@H](NC(=O)OCc1ccccc1)C(=O)N[C@@H](Cc1ccccc1)[C@H](O)[C@H](O)[C@H](Cc1ccccc1)NC(=O)[C@@H](NC(=O)OCc1ccccc1)C(C)C,,,,,,,,,RITONAVIR
Perola_2010,RIVAROXABAN,O=C(NC[C@H]1CN(c2ccc(N3CCOCC3=O)cc2)C(=O)O1)c1ccc(Cl)s1,RIVAROXABAN_LEAD,N=C(N)COc1cccc(CN2C(=O)[C@@H]3CC=CC(NC(=O)c4ccc(Cl)s4)[C@@H]3C2=O)c1,,,,,,,,,RIVAROXABAN
Perola_2010,SAQUINAVIR,[H][C@@]12CCCC[C@]1([H])CN(C[C@@H](O)[C@H](Cc1ccccc1)NC(=O)[C@H](CC(N)=O)NC(=O)c1ccc3ccccc3n1)[C@H](C(=O)NC(C)(C)C)C2,SAQUINAVIR_LEAD,CC(C)(C)OC(=O)[C@@H]1CCCN1C[C@@H](O)[C@H](Cc1ccccc1)NC(=O)OCc1ccccc1,,,,,,,,,SAQUINAVIR
Perola_2010,SILDENAFIL,CCCc1nn(C)c2c(=O)[nH]c(-c3cc(S(=O)(=O)N4CCN(C)CC4)ccc3OCC)nc12,SILDENAFIL_LEAD,CCCOc1ccccc1-c1nc(=O)c2[nH]nnc2[nH]1,,,,,,,,,SILDENAFIL
Perola_2010,SITAGLIPTIN,N[C@@H](CC(=O)N1CCn2c(nnc2C(F)(F)F)C1)Cc1cc(F)c(F)cc1F,SITAGLIPTIN_LEAD,N[C@@H](CC(=O)N1CCSC1)Cc1ccccc1,,,,,,,,,SITAGLIPTIN
Perola_2010,SITAXENTAN,Cc1cc2c(cc1CC(=O)c1sccc1S(=O)(=O)Nc1onc(C)c1Cl)OCO2,SITAXENTAN_LEAD,Cc1noc(NS(=O)(=O)c2ccc(N)cc2)c1C,,,,,,,,,SITAXENTAN
Perola_2010,SIVELESTAT,CC(C)(C)C(=O)Oc1ccc(S(=O)(=O)Nc2ccccc2C(=O)NCC(=O)O)cc1,SIVELESTAT_LEAD,N=C(N)Nc1ccc(C(=O)Oc2cccc(Cl)c2)cc1,,,,,,,,,SIVELESTAT
Perola_2010,SOLIFENACIN,O=C(O[C@H]1CN2CCC1CC2)N1CCc2ccccc2[C@@H]1c1ccccc1,SOLIFENACIN_LEAD,O=C(OC1CCN(Cc2ccccc2)CC1)C(c1ccccc1)c1ccccc1,,,,,,,,,SOLIFENACIN
Perola_2010,SORAFENIB,CNC(=O)c1cc(Oc2ccc(NC(=O)Nc3ccc(Cl)c(C(F)(F)F)c3)cc2)ccn1,SORAFENIB_LEAD,COC(=O)c1sc(C(C)(C)C)cc1NC(=O)Nc1ccccc1,,,,,,,,,SORAFENIB
Perola_2010,SUNITINIB,CCN(CC)CCNC(=O)c1c(C)[nH]c(/C=C2\C(=O)Nc3ccc(F)cc32)c1C,SUNITINIB_LEAD,O=C1Nc2ccccc2/C1=C/c1ccc[nH]1,,,,,,,,,SUNITINIB
Perola_2010,TADALAFIL,[H][C@@]1(c2ccc3c(c2)OCO3)c2[nH]c3ccccc3c2C[C@]2([H])C(=O)N(C)CC(=O)N12,TADALAFIL_LEAD,CCOC(=O)c1cc2c(cn1)[nH]c1ccccc12,,,,,,,,,TADALAFIL
Perola_2010,TELMISARTAN,CCCc1nc2c(C)cc(-c3nc4ccccc4n3C)cc2n1Cc1ccc(-c2ccccc2C(=O)O)cc1,TELMISARTAN_LEAD,CCCCc1nc(Cl)c(CO)n1Cc1ccc(-c2ccccc2C(=O)O)cc1,,,,,,,,,TELMISARTAN
Perola_2010,TERBINAFINE,CN(C/C=C/C#CC(C)(C)C)Cc1cccc2ccccc12,TERBINAFINE_LEAD,CN(C/C=C/c1ccccc1)Cc1cccc2ccccc12,,,,,,,,,TERBINAFINE
Perola_2010,TIPRANAVIR,CCC[C@@]1(CCc2ccccc2)CC(O)=C([C@H](CC)c2cccc(NS(=O)(=O)c3ccc(C(F)(F)F)cn3)c2)C(=O)O1,TIPRANAVIR_LEAD,CCC(c1ccccc1)c1c(O)c2ccccc2oc1=O,,,,,,,,,TIPRANAVIR
Perola_2010,TIROFIBAN,CCCCS(=O)(=O)N[C@@H](Cc1ccc(OCCCCC2CCNCC2)cc1)C(=O)O,TIROFIBAN_LEAD,[H][C@@](Cc1ccc(OCC(O)CNC(C)(C)C)cc1)(NC(=O)OCc1ccccc1)C(=O)O,,,,,,,,,TIROFIBAN
Perola_2010,TOPOTECAN,CC[C@@]1(O)C(=O)OCc2c1cc1n(c2=O)Cc2cc3c(CN(C)C)c(O)ccc3nc2-1,TOPOTECAN_LEAD,CC[C@@]1(O)C(=O)OCc2c1cc1n(c2=O)Cc2cc3ccccc3nc2-1,,,,,,,,,TOPOTECAN
Perola_2010,VARENICLINE,c1cnc2cc3c(cc2n1)[C@@H]1CNC[C@H]3C1,VARENICLINE_LEAD,O=c1cccc2n1C[C@@H]1CNC[C@H]2C1,,,,,,,,,VARENICLINE
Perola_2010,VILDAGLIPTIN,[H][C@]12C[C@]3([H])C[C@](O)(C1)C[C@](NCC(=O)N1CCC[C@H]1C#N)(C2)C3,VILDAGLIPTIN_LEAD,N#C[C@@H]1CCCN1C(=O)[C@@H](N)C1CCCCC1,,,,,,,,,VILDAGLIPTIN
Perola_2010,ZAFIRLUKAST,COc1cc(C(=O)NS(=O)(=O)c2ccccc2C)ccc1Cc1cn(C)c2ccc(NC(=O)OC3CCCC3)cc12,ZAFIRLUKAST_LEAD,CCCCCCOc1ccc(COc2ccccc2C(=O)O)cc1,,,,,,,,,ZAFIRLUKAST
Perola_2010,ZANAMIVIR,[H][C@@]1([C@H](O)[C@H](O)CO)OC(C(=O)O)=C[C@H](N=C(N)N)[C@H]1NC(C)=O,ZANAMIVIR_LEAD,[H][C@@]1([C@H](O)[C@H](O)CO)OC(C(=O)O)=C[C@H](O)[C@H]1NC(C)=O,,,,,,,,,ZANAMIVIR
Opera_2001,OMEPRAZOLE,COc1ccc2[nH]c(S(=O)Cc3ncc(C)c(OC)c3C)nc2c1,CMN_131,NC(=S)Cc1ccccn1,H+ pump,,,,,,,,
Opera_2001,CIMETIDINE,CN/C(=N\C#N)NCCSCc1nc[nH]c1C,Nalpha-guanylhistamine,N=C(N)NCCc1c[nH]cn1,H2 receptor,,,,,,,,
Opera_2001,CIMETIDINE,CN/C(=N\C#N)NCCSCc1nc[nH]c1C,BURIMAMIDE,CNC(=S)NCCCCc1c[nH]cn1,H2 receptor,,,,,,,,
Opera_2001,CLOZAPINE,CN1CCN(C2=Nc3cc(Cl)ccc3Nc3ccccc32)CC1,IMIPRAMINE,CN(C)CCCN1c2ccccc2CCc2ccccc21,anxiolytic,,,,,,,,
Opera_2001,CLOZAPINE,CN1CCN(C2=Nc3cc(Cl)ccc3Nc3ccccc32)CC1,benzodiazepine-amidine,CN(C)C1=Nc2ccccc2Nc2ccccc21,neuroleptic,,,,,,,,
Opera_2001,CHLORPROMAZINE,CN(C)CCCN1c2ccccc2Sc2ccc(Cl)cc21,PROMETHAZINE,CC(CN1c2ccccc2Sc2ccccc21)N(C)C,H1 receptors,,,,,,,,
Opera_2001,BUTACLAMOL,[H][C@@]12CN3CC[C@@H](C(C)(C)C)C[C@@]3([H])c3cccc(c31)CCc1ccccc12,dibenzocycloheptenlactam,O=C1NCC2c3ccccc3CCc3cccc1c32,antipsychotic,,,,,,,,
Opera_2001,yes,,AMITRIPTYLLINE,CN(C)CCC=C1c2ccccc2CCc2ccccc21,antidepressant,,,,,,,,
Opera_2001,AMITRIPTYLLINE,CN(C)CCC=C1c2ccccc2CCc2ccccc21,CHLORPROTHIXENE,CN(C)CCC=C1c2ccccc2Sc2ccccc21,antipsychotic,,,,,,,,
Opera_2001,BUTACLAMOL,[H][C@@]12CN3CC[C@@H](C(C)(C)C)C[C@@]3([H])c3cccc(c31)CCc1ccccc12,TACLAMINE,[H][C@@]12CN3CCCC[C@@]3([H])c3cccc(c31)CCc1ccccc12,antipsychotic,,,,,,,,
Opera_2001,CLONIDINE,Clc1cccc(Cl)c1N=C1NCCN1,TOLAZOLINE,c1ccc(CC2=NCCN2)cc1,alpha-adrenergic,,,,,,,,
Opera_2001,CLONIDINE,Clc1cccc(Cl)c1N=C1NCCN1,PHENTOLAMINE,Cc1ccc(N(CC2=NCCN2)c2ccc(O)cc2)cc1,alpha-adrenergic,,,,,,,,
Opera_2001,PROPRANOLOL,CC(C)NC[C@@H](O)COc1cccc2ccccc12,DICHLOROISOPRENALINE,CN(C)C[C@H](O)c1ccc(Cl)c(Cl)c1,beta-adrenergic,,,,,,,,
Opera_2001,JMC98_41_4556B,O=C1C[C@]2(c3ccc(Cl)c(Cl)c3)O[C@H](CCc3ccc(Cl)cc3)CN12,ClavamycinD_JMC98_41_4556A,[H][C@]12CC(=O)N1C[C@H](C(O)C(NC(=O)C(N)C(C)C)C(=O)O)O2,antidiabetic,,,,,,,,
Opera_2001,JMC98_41_565B,CCCC(=O)NCC(=O)N(C)c1ccc(Cl)c(COc2cccn3c(Br)c(C)nc23)c1Cl,JMC98_41_565A,C#CCOCc1c(C)nc2c(OCc3c(Cl)cccc3Cl)cccn12,bradykinin B2,,,,,,,,
Opera_2001,JMC98_41_4190B,CC(C)OC(=O)c1cn(Cc2c(F)cccc2F)c2sc(-c3ccc(NC(=O)C(C)C)cc3)c(CN(C)Cc3ccccc3)c2c1=O,JMC98_41_4190A,CCOC(=O)c1cn(Cc2ccccc2OC)c2sc(-c3ccc(OC)cc3)c(C)c2c1=O,LHRH,,,,,,,,
Opera_2001,L-367773,CC1(C)[C@@H]2CC[C@@]1(CS(=O)(=O)N1CCC3(CCc4ccccc43)CC1)[C@@H](NC(=O)Cc1c[nH]cn1)C2,L-342643,Cc1ccc(S(=O)(=O)N2CCC3(C=Cc4ccccc43)CC2)cc1,oxytocin receptors,,,,,,,,
Opera_2001,BMCL96_6_1623B,Cc1cc(C)cc(C(=O)N2CCC(NCCc3ccccc3)CC2Cc2ccccc2)c1,BMCL96_6_1623A,Cc1cc(C)cc(C(=O)N2CCN(CCc3ccc(Cl)cc3)CC2)c1,tachykinin,,,,,,,,
Opera_2001,JMC98_41_3461B,CC1=CC(C)(C)Nc2ccc(-c3cc(F)cc(C#N)c3)cc21,JMC98_41_3461A,CC1=CC(C)(C)Nc2ccc(-c3ccccc3)cc21,progesterone receptors,,,,,,,,
Opera_2001,BACLOFEN,NCC(CC(=O)O)c1ccc(Cl)cc1,GABA,NCCCC(=O)O,GABA-B receptors,,,,,,,,
Opera_2001,THIOPERAMIDE,,HISTAMINE,NCCc1cnc[nH]1,H3 receptors,,,,,,,,
Opera_2001,ASPIRIN,CC(=O)Oc1ccccc1C(=O)O,salicilic_acid,O=C(O)c1ccccc1O,antiinflamatory,,,,,,,,
Opera_2001,PREDNISOLONE,[H][C@@]12CC[C@](O)(C(=O)CO)[C@@]1(C)C[C@H](O)[C@@]1([H])[C@@]2([H])CCC2=CC(=O)C=C[C@@]21C,CORTISOL,[H][C@@]12CC[C@](O)(C(=O)CO)[C@@]1(C)C[C@H](O)[C@@]1([H])[C@@]2([H])CCC2=CC(=O)CC[C@@]21C,antiinflamatory,,,,,,,,
Opera_2001,5FLUOROURACIL,O=c1[nH]cc(F)c(=O)[nH]1,URACIL,O=c1cc[nH]c(=O)[nH]1,anticancer,,,,,,,,
Opera_2001,MIFEPRISTONE,[H][C@@]12CC[C@@](O)(C#CC)[C@@]1(C)C[C@H](c1ccc(N(C)C)cc1)C1=C3CCC(=O)C=C3CC[C@]12[H],PROGESTERONE,[H][C@@]12CCC3=CC(=O)CC[C@]3(C)[C@@]1([H])CC[C@]1(C)[C@@H](C(C)=O)CC[C@@]21[H],progesterone receptors,,,,,,,,
Opera_2001,MIFEPRISTONE,[H][C@@]12CC[C@@](O)(C#CC)[C@@]1(C)C[C@H](c1ccc(N(C)C)cc1)C1=C3CCC(=O)C=C3CC[C@]12[H],RU2323,[H][C@@]12CC[C@@](O)(C#C)[C@@]1(CC)C=CC1=C3CCC(=O)C=C3CC[C@]12[H],progesterone receptors,,,,,,,,
Opera_2001,RANITIDINE,CN/C(=C\[N+](=O)[O-])NCCSCc1ccc(CN(C)C)o1,AH18665,CNC(=S)NCCSCc1ccc(CN(C)C)o1,H2 receptor,,,,,,,,
Opera_2001,LAFUTIDINE,O=C(CS(=O)Cc1ccco1)NC/C=C/COc1cc(CN2CCCCC2)ccn1,AH20285,CN(C)Cc1ccc(CSCCNc2nc(N)n[nH]2)o1,H2 receptor,,,,,,,,
Opera_2001,LORATADINE,CCOC(=O)N1CCC(=C2c3ccc(Cl)cc3CCc3cccnc32)CC1,8-Chloro-AZATADINE,CN1CCC(=C2c3ccc(Cl)cc3CCc3cccnc32)CC1,H1 receptor,,,,,,,,
Opera_2001,MISOPROSTOL,CCCCC(C)(O)C/C=C/[C@H]1[C@H](O)CC(=O)[C@@H]1CCCCCCC(=O)OC,PGE1,CCCCC[C@H](O)/C=C/[C@H]1[C@H](O)CC(=O)[C@@H]1CCCCCCC(=O)O,antiulcer,,,,,,,,
Opera_2001,ENALAPRIL,CCOC(=O)[C@H](CCc1ccccc1)N[C@@H](C)C(=O)N1CCC[C@H]1C(=O)O,ALAPRO,C[C@H](N)C(=O)N1CCC[C@H]1C(=O)O,ACE,,,,,,,,
Opera_2001,yes,,ENALAPRIL,CCOC(=O)[C@H](CCc1ccccc1)N[C@@H](C)C(=O)N1CCC[C@H]1C(=O)O,ACE,,,,,,,,
Opera_2001,LISINOPRIL,NCCCC[C@H](N[C@@H](CCc1ccccc1)C(=O)O)C(=O)N1CCC[C@H]1C(=O)O,ENALAPRILAT,C[C@H](N[C@@H](CCc1ccccc1)C(=O)O)C(=O)N1CCC[C@H]1C(=O)O,ACE,,,,,,,,
Opera_2001,METHOTREXATE,CN(Cc1cnc2nc(N)nc(N)c2n1)c1ccc(C(=O)N[C@@H](CCC(=O)O)C(=O)O)cc1,TETRAHYDROFOLATE,Nc1nc(O)c2c(n1)NCC(CNc1ccc(C(=O)N[C@@H](CCC(=O)N[C@@H](CCC(=O)O)C(=O)O)C(=O)O)cc1)N2,anticancer,,,,,,,,
Opera_2001,METHYLPHENIDATE,[H][C@]1([C@H](C(=O)OC)c2ccccc2)CCCCN1,AMPHETAMINE,CC(N)Cc1ccccc1,CNS stimulant,,,,,,,,
Opera_2001,SUMATRIPTAN,CNS(=O)(=O)Cc1ccc2[nH]cc(CCN(C)C)c2c1,SEROTONIN,NCCc1c[nH]c2ccc(O)cc12,5HT receptors,,,,,,,,
Opera_2001,METHYSERGIDE,[H][C@@]12Cc3cn(C)c4cccc(c34)C1=C[C@@H](C(=O)NC(CC)CO)CN2C,LYSERGIDE,[H][C@@]12Cc3c[nH]c4cccc(c34)C1=C[C@@H](C(=O)N(CC)CC)CN2C,5HT receptors,,,,,,,,
Opera_2001,PROCAINE,CCN(CC)CCOC(=O)c1ccc(N)cc1,COCAINE,[H][C@]12CC[C@]([H])([C@@H](C(=O)OC)[C@@H](OC(=O)c3ccccc3)C1)N2C,local anesthetic,,,,,,,,
Opera_2001,PROCAINAMIDE,CCN(CC)CCNC(=O)c1ccc(N)cc1,PROCAINE,CCN(CC)CCOC(=O)c1ccc(N)cc1,local anesthetic,,,,,,,,
Opera_2001,FLECAINIDE,O=C(NCC1CCCCN1)c1cc(OCC(F)(F)F)ccc1OCC(F)(F)F,PROCAINAMIDE,CCN(CC)CCNC(=O)c1ccc(N)cc1,Antiarrhythmic,,,,,,,,
Opera_2001,BMCL98_8_1697,,L-536619,Nc1cc[n+](Cc2ccc(OCc3ccccc3)cc2)cc1,Thrombin,,,,,,,,
Opera_2001,L-374087,Cc1nc(N)ccc1CNC(=O)Cn1c(C)ccc(NS(=O)(=O)Cc2ccccc2)c1=O,BMCL98_8_1697,c1ccc(C(Oc2ccc(CNc3ccncc3)cc2)c2ccccc2)cc1,Thrombin,,,,,,,,
Opera_2001,MELAGATRAN,CCOC(=O)CN[C@@H](C(=O)N1CC[C@H]1C(=O)NCc1ccc(C(=N)NO)cc1)C1CCCCC1,D-PHE-PRO-ARGINAL,N=C(N)NCCC[C@@H](C=O)NC(=O)[C@@H]1CCCN1C(=O)[C@H](N)Cc1ccccc1,Thrombin,,,,,,,,
Opera_2001,METOPROLOL,COCCc1ccc(OCC(O)CNC(C)C)cc1,PARAPTIN,C=CCc1ccc(OCC(O)CNC(C)C)cc1,beta receptors,,,,,,,,
Opera_2001,ALMOKALANT,CCCS(=O)CCCN(CC)CC(O)COc1ccc(C#N)cc1,D-SOTALOL,CC(C)NC[C@@H](O)c1ccc(NS(C)(=O)=O)cc1,antiarrhythmic,,,,,,,,
Opera_2001,ALMOKALANT,CCCS(=O)CCCN(CC)CC(O)COc1ccc(C#N)cc1,INPEA,CC(C)NCC(O)c1ccc([N+](=O)[O-])cc1,antiarrhythmic,,,,,,,,
Opera_2001,ALMOKALANT,CCCS(=O)CCCN(CC)CC(O)COc1ccc(C#N)cc1,CLOFILIUM-TOSYLATE,CCCCCCC[N+](CC)(CC)CCCCc1ccc(Cl)cc1,antiarrhythmic,,,,,,,,
Opera_2001,HEXAETHYLAMMONIUM,C[N+](C)(C)CCCCCC[N+](C)(C)C,TETRAETHYLAMMONIUM,CC[N+](CC)(CC)CC,ganglioplegic,,,,,,,,
Opera_2001,OXAMNIQUINE,CC(C)NCC1CCc2cc(CO)c([N+](=O)[O-])cc2N1,MIRASAN,CCN(CC)CCNc1ccc(C)c(Cl)c1,Bilharzia,,,,,,,,
Opera_2001,CEFOXITIN,CO[C@@]1(NC(=O)Cc2cccs2)C(=O)N2C(C(=O)O)=C(COC(N)=O)CC[C@@H]21,CEPHAMYCIN_C,CO[C@@]1(NC(=O)CCCC(N)C(=O)O)C(=O)N2C(C(=O)O)=C(COC(N)=O)CC[C@@H]21,Antibiotic,,,,,,,,
Opera_2001,XEMILOFIBAN_AND_GR144053,,RGD,N=C(N)NCCC[C@H](N)C(=O)NCC(=O)N[C@@H](CC(=O)O)C(=O)O,GP_IIb/IIIa,,,,,,,,
Opera_2001,ESMOLOL,COC(=O)CCc1ccc(OC[C@H](O)CNC(C)C)cc1,ASL_800X,COC(=O)c1ccc(OC[C@H](O)CNC(C)C)cc1,Beta adrenergic receptors,,,,,,,,
Opera_2001,DILTIAZEM,[H]C1(OC(C)=O)C(=O)N(CCN(C)C)c2ccccc2SC1([H])c1ccc(OC)cc1,THIAZESIM,CN(C)CCN1C(=O)CC(c2ccccc2)Sc2ccccc21,antidepressant,,,,,,,,
Opera_2001,DILTIAZEM,[H]C1(OC(C)=O)C(=O)N(CCN(C)C)c2ccccc2SC1([H])c1ccc(OC)cc1,OXAZEPAM,O=C1Nc2ccc(Cl)cc2C(c2ccccc2)=NC1O,Tranquilizer,,,,,,,,
Opera_2001,AZTREONAM,[H][n+]1c(/C(=N/OC(C)(C)C(=O)O)C(=O)N[C@@H]2C(=O)N(S(=O)(=O)[O-])[C@H]2C)csc1N,SQ26180,CO[C@]1(NC(C)=O)CN(S(=O)(=O)[O-])C1=O,antibiotic,,,,,,,,
Opera_2001,GANCICLOVIR,Nc1nc(O)c2ncn(COC(CO)CO)c2n1,GUANOSINE,Nc1nc2c(ncn2[C@@H]2O[C@H](CO)[C@@H](O)[C@H]2O)c(=O)[nH]1,antiviral,,,,,,,,
Opera_2001,AR-H037910,CS(=O)(=O)Oc1ccc(CCOc2ccc(CC3SC(=O)NC3=O)cc2)cc1,AR-H032470,N#Cc1ccc(OCC(O)COc2ccc(/C=C3\SC(=O)NC3=O)cc2)cc1,IRS,,,,,,,,
Opera_2001,AR-H039242,CCO[C@@H](Cc1ccc(OCCc2ccc(OS(C)(=O)=O)cc2)cc1)C(=O)O,AR-H036173,CS(=O)(=O)Oc1ccc(CCOc2ccc(CC(C#N)C(=O)O)cc2)cc1,IRS,,,,,,,,
Opera_2001,AR-H049020,CCO[C@@H](Cc1ccc(OCCc2ccc(NC(=O)OC(C)(C)C)cc2)cc1)C(=O)O,AR-H039242,CCO[C@@H](Cc1ccc(OCCc2ccc(OS(C)(=O)=O)cc2)cc1)C(=O)O,IRS,,,,,,,,
Opera_2001,none,,CAMPTOTHECIN,CC[C@@]1(O)C(=O)OCc2c1cc1n(c2=O)Cc2cc3ccccc3nc2-1,anticancer,,,,,,,,
Opera_2001,yes,,TAXOL,[H][C@]12[C@H](OC(=O)c3ccccc3)[C@]3(O)C[C@H](OC(=O)[C@H](O)[C@@H](NC(=O)c4ccccc4)c4ccccc4)C(C)=C([C@@H](OC(C)=O)C(=O)[C@]1(C)[C@@H](O)C[C@@]1([H])OC[C@@]21OC(C)=O)C3(C)C,anticancer,,,,,,,,
Opera_2001,AMSACRINE,COc1cc(NS(C)(=O)=O)ccc1Nc1c2ccccc2nc2ccccc12,ACRIDINIUM_ANALOG,C[n+]1ccc(Nc2ccc(NC(=O)c3ccc(Nc4c5ccccc5[n+](C)c5ccccc45)cc3)cc2)cc1,antileukemic,,,,,,,,
Opera_2001,NALBUPHINE,[H][C@@]12CC[C@H](O)[C@]3([H])Oc4c(O)ccc5c4[C@]13CCN(CC1CCC1)[C@]2([H])C5,MORPHINE,[H][C@@]12C=C[C@H](O)[C@]3([H])Oc4c(O)ccc5c4[C@]13CCN(C)[C@]2([H])C5,opiate receptors,,,,,,,,
Opera_2001,VERAPAMIL,COc1ccc(CCN(C)CCCC(C#N)(c2ccc(OC)c(OC)c2)C(C)C)cc1OC,PAPAVERINE,COc1ccc(Cc2nccc3cc(OC)c(OC)cc23)cc1OC,spasmolytic,,,,,,,,
Opera_2001,FELODIPINE,CCOC(=O)C1=C(C)NC(C)=C(C(=O)OC)C1c1cccc(Cl)c1Cl,NIFEDIPINE,COC(=O)C1=C(C)NC(C)=C(C(=O)OC)C1c1ccccc1[N+](=O)[O-],Ca2+ channels,,,,,,,,
Opera_2001,BIBP3226,N=C(N)NCCC[C@@H](NC(=O)C(c1ccccc1)c1ccccc1)C(=O)NCc1ccc(O)cc1,PHEARG,N=C(N)NCCC[C@H](N)C(=O)N[C@@H](Cc1ccc(O)cc1)C(N)=O,Y1 receptors,,,,,,,,
Opera_2001,CGP66891A,COc1ccc(C(=O)NCc2cccc(CN)c2)cc1S(=O)(=O)NC(=N)NC(=O)c1nc(Cl)c(NC(C)C)nc1N,NOVARTIS_Lead? y/n,CC(C)Nc1nc(N)c(C(=O)NC(=N)NS(=O)(=O)N(C)C)nc1Cl,Y1 receptors,,,,,,,,
Opera_2001,MDDR_273694,Clc1ccc(OCc2nc3c(OCCCN4CCCCC4)cccc3n2CCCC2CCN(CCc3ccc(I)cc3)CC2)cc1,MDDR_273694_Lead? y/n,Cn1c(COc2ccc(Cl)cc2)c(CN2CCCCC2)c2ccccc21,Y1 receptors,,,,,,,,
Opera_2001,MEFLOQUINE,OC(c1cc(C(F)(F)F)nc2c(C(F)(F)F)cccc12)C1CCCCN1,QUININE,[H]C(O)(c1ccnc2ccc(OC)cc12)[C@@]1([H])C[C@]2([H])CCN1C[C@@]2([H])C=C,Antimalarial,,,,,,,,
Opera_2001,GUANETHIDINE,N=C(N)NCCN1CCCCCCC1,SU4029,N/C(CCN1CCCC1)=N\O,Anti-hypertensive,,,,,,,,
Opera_2001,PIROXICAM,CN1C(C(=O)Nc2ccccn2)=C(O)c2ccccc2S1(=O)=O,TESICAM,O=C(Nc1ccc(Cl)cc1)c1c(O)[nH]c(=O)c2ccccc12,Anti-inflammatory,,,,,,,,
Opera_2001,EUCATROPINE,CC1CC(OC(=O)C(O)c2ccccc2)CC(C)(C)N1C,HOMATROPINE,[H][C@]12CC[C@]([H])(C[C@H](OC(=O)C(O)c3ccccc3)C1)N2C,Anticholinergic,,,,,,,,
Opera_2001,DIPHENOXYLATE,CCOC(=O)C1(c2ccccc2)CCN(CCC(C#N)(c2ccccc2)c2ccccc2)CC1,MEPERIDINE,CCOC(=O)C1(c2ccccc2)CCN(C)CC1,Analgesic,,,,,,,,
Opera_2001,GALLAMINE,CC[N+](CC)(CC)CCOc1cccc(OCC[N+](CC)(CC)CC)c1OCC[N+](CC)(CC)CC,TUBOCURARINE,[H][C@]12Cc3ccc(cc3)Oc3c(O)c(OC)cc4c3[C@@]([H])(Cc3ccc(O)c(c3)Oc3cc1c(cc3OC)CC[NH+]2C)[N+](C)(C)CC4,Neuromuscular blocker.,,,,,,,,
Opera_2001,ROCURONIUM,[H][C@@]12CC[C@]3([H])[C@]([H])(CC[C@]4(C)[C@@H](OC(C)=O)[C@@H]([N+]5(CC=C)CCCC5)C[C@@]34[H])[C@@]1(C)C[C@H](N1CCOCC1)[C@@H](O)C2,GALLAMINE,CC[N+](CC)(CC)CCOc1cccc(OCC[N+](CC)(CC)CC)c1OCC[N+](CC)(CC)CC,Neuromuscular blocker.,,,,,,,,
Opera_2001,WARFARIN,CC(=O)CC(c1ccccc1)c1c(O)c2ccccc2oc1=O,DICOUMAROL,O=c1oc2ccccc2c(O)c1Cc1c(O)c2ccccc2oc1=O,Anticoagulant,,,,,,,,
Opera_2001,CLORICROMEN,CCOC(=O)COc1ccc2c(C)c(CCN(CC)CC)c(=O)oc2c1Cl,WARFARIN,CC(=O)CC(c1ccccc1)c1c(O)c2ccccc2oc1=O,Anticoagulant,,,,,,,,
Opera_2001,DICLOFENAC,O=C(O)Cc1ccccc1Nc1c(Cl)cccc1Cl,SALOL,O=C(Oc1ccccc1)c1ccccc1O,Antiinflamatory,,,,,,,,
Opera_2001,LOSARTAN,CCCCc1nc(Cl)c(CO)n1Cc1ccc(-c2ccccc2-c2nnn[nH]2)cc1,S8307,CCCCc1nc(Cl)c(CC(=O)O)n1Cc1ccccc1Cl,Angiotensin II receptors,,,,,,,,
Opera_2001,JMC97_40_841,O=C(/C=C/c1c(C(=O)O)[nH]c2cc(Cl)cc(Cl)c12)Nc1ccccc1,7-Cl-KYNURENIC_ACID,O=C(O)c1cc(=O)c2ccc(Cl)cc2[nH]1,NMDA receptor,,,,,,,,
Opera_2001,JMC97_40_953,O=C(NCCN1CCN(C2CCCc3ccccc32)CC1)c1ccc(F)cc1,BUSPIRONE,O=C1CC2(CCCC2)CC(=O)N1CCCCN1CCN(c2ncccn2)CC1,5-HT1A receptors,,,,,,,,
Opera_2001,JMC97_40_967,CCNC1=CC(=O)c2c(O)c3c(c(O)c2C1=O)OC1(C3)CC(O)c2cc3cc(C(=O)OC)oc(=O)c3c(O)c2O1,PURPUROMYCIN,COC(=O)c1cc2cc3c(c(O)c2c(=O)o1)OC1(Cc2c(O)c4c(c(O)c2O1)C(=O)C(OC)=CC4=O)CC3O,Antifungal,,,,,,,,
Opera_2001,JMC98_41_3276B,CCN(CC)CCOc1ccc(Nc2ncc3cc(-c4c(Cl)cccc4Cl)c(=O)n(C)c3n2)cc1,JMC98_41_3276A,Cn1c(=O)c(-c2c(Cl)cccc2Cl)cc2cnc(N)nc21,tyrosin kinase,,,,,,,,
Opera_2001,JMC98_41_3159B_SS,CN(Cc1ccccc1)C(=O)[C@H](Cc1ccc2ccccc2c1)NC(=O)[C@@H]1CCCN1C(=O)Nc1ccccc1[N+](=O)[O-],JMC98_41_3159A_S,COc1ccccc1CNC(=S)N1CCC[C@H]1C(=O)C(c1ccccc1)c1ccccc1,NK1 receptor,,,,,,,,
Opera_2001,JMC98_41_1060B,CN(c1nc2cc(Cl)ccc2c(=O)o1)c1ccccc1I,JMC98_41_1060A,O=c1oc(-c2ccccc2I)nc2ccccc12,C1r Serine protease,,,,,,,,
Opera_2001,JMC98_41_1059B,CCCCC1=C(c2ccc(CCc3ccccc3)cc2)N2CCCN=C2c2ccccc21,JMC98_41_1059A,C[Si](C)(C)c1ccc(C2=Cc3ccccc3C3=NCCCN23)cc1,TNFalpha reporter gene,,,,,,,,
Opera_2001,CGS27023A,COc1ccc(S(=O)(=O)N(Cc2cccnc2)[C@@H](C(=O)NO)C(C)C)cc1,JMC97_40_2525A,COc1ccc(S(=O)(=O)N(CC(=O)NO)CC(C)C)cc1,Stromelysin,,,,,,,,
Opera_2001,SB218795,,JMC97_40_1794A,COc1ccc2c(C(=O)NCc3ccccc3)cc(-c3ccccc3)nc2c1,NK3 receptors,,,,,,,,
Opera_2001,BOMC98_8_3335B,Nc1cc(OCc2ccccc2)c2c(-c3ccncc3)c(-c3ccc(F)cc3)[nH]c2n1,SB203580,CS(=O)c1ccc(-c2nc(-c3ccc(F)cc3)c(-c3ccncc3)[nH]2)cc1,MAP Kinase p38,,,,,,,,
Opera_2001,BMCL98_8_3367B,CCCCC1Oc2ccc(F)cc2-c2ccc3c(c21)C(C)=CC(C)(C)N3,BMCL98_8_3367A,CC1=CC(C)(C)Nc2ccc3c(c21)COc1ccccc1-3,Progesterone receptors,,,,,,,,
Opera_2001,BOMCL98_6_2061B,C=C[C@@]1(C)CC(=O)[C@@]2(O)[C@](C)(O1)C(OC(=O)COC=O)C(O)C1C(C)(C)CC[C@H](O)[C@@]12C,Forskolin,C=C[C@@]1(C)CC(=O)[C@@]2(O)[C@](C)(O1)C(OC(C)=O)C(O)C1C(C)(C)CC[C@H](O)[C@@]12C,positive inotropic activity,,,,,,,,
Opera_2001,CAPTOPRIL,C[C@H](CS)C(=O)N1CCC[C@H]1C(=O)O,SQ13297,C[C@H](CC(=O)O)C(=O)N1CCC[C@H]1C(=O)O,Angiotensin Converting Enzyme,,,,,,,,
Opera_2001,HALOPERIDOL,O=C(CCCN1CCC(O)(c2ccc(Cl)cc2)CC1)c1ccc(F)cc1,R1187,CCOC(=O)C1(c2ccccc2)CCN(CCCC(=O)c2ccccc2)CC1,neuroleptic,,,,,,,,
Opera_2001,BENPERIDOL,O=C(CCCN1CCC(n2c(=O)[nH]c3ccccc32)CC1)c1ccc(F)cc1,HALOPERIDOL,O=C(CCCN1CCC(O)(c2ccc(Cl)cc2)CC1)c1ccc(F)cc1,neuroleptic,,,,,,,,
Opera_2001,PIMOZIDE,O=c1[nH]c2ccccc2n1C1CCN(CCCC(c2ccc(F)cc2)c2ccc(F)cc2)CC1,BENPERIDOL,O=C(CCCN1CCC(n2c(=O)[nH]c3ccccc32)CC1)c1ccc(F)cc1,neuroleptic,,,,,,,,
Opera_2001,PENFLURIDOL,OC1(Cc2ccc(Cl)c(C(F)(F)F)c2)CCN(CCCC(c2ccc(F)cc2)c2ccc(F)cc2)CC1,PIMOZIDE,O=c1[nH]c2ccccc2n1C1CCN(CCCC(c2ccc(F)cc2)c2ccc(F)cc2)CC1,neuroleptic,,,,,,,,
